#-0-norbert.roesch.png,1.0,1.0,0.9999999085921376,0.9999972493362048,0.9999913927743781,0.9999965978965526,0.999999295950003,0.9999999008856465,0.999999999807341,1.0,1.0,0.9999999976613483,0.9999486024055352,0.9986982886308752,0.9973613886074827,0.9980390383665134,0.9980164368823415,0.9998474452158062,0.9999998624307103,1.0,1.0,0.9999417767828614,0.9973344418433212,0.9769527033580614,0.9623540532553008,0.9646973755498388,0.9774558299279683,0.9986840942173477,0.9999990084062382,1.0,0.9999999823681633,0.9991099943072325,0.9768519569697195,0.9333170339817622,0.934818392372085,0.9726741726702561,0.9938776500349314,0.9997944267369794,0.9999998837563566,1.0,0.9999986400710212,0.9988331264958771,0.97656391726516,0.9358973790364339,0.9386288823062154,0.9650486417243528,0.9930266708311067,0.9999378686051285,1.0,1.0,0.9999983008264393,0.9988401055886202,0.977524346160892,0.9465686838212984,0.9708725382963741,0.9939647153541806,0.9989755891912016,0.999991404510757,1.0,1.0,0.9999999656103963,0.999881760659826,0.988577649056668,0.9592213724978325,0.9883822564450409,0.9998716126879957,0.9999979222018219,0.9999999865617201,1.0,1.0,1.0,0.9999827005509405,0.9969092579969878,0.9712976681699921,0.9908946142912669,0.9999416232674941,1.0,1.0,1.0,1.0,1.0,0.9999999222271515,0.9997914337250395,0.996530790611093,0.9989278282982808,0.9999939330698495,1.0,1.0,1.0,1.0,1.0,1.0,0.9999992639377198,0.9999884150319627,0.9999968148823842,0.9999999846503106,1.0,1.0,1.0,1.0
#-1-norbert.roesch.png,1.0,1.0,0.9998318074843391,0.997909803690214,0.9979888164504525,0.9987499023550779,0.9999826657197997,1.0,1.0,1.0,1.0,0.9999999144018391,0.9989254294118401,0.9818380365686037,0.9804985483467017,0.987362052974005,0.9995642830624363,0.9999991607845511,1.0,1.0,1.0,0.9999790746189069,0.9970928602432927,0.9641312814687059,0.9389114395891283,0.9551551367446186,0.9951529294185572,0.999952268626482,0.9999999638743737,1.0,1.0,0.9999109344158355,0.9917318840576597,0.9569777947124597,0.9524038241168058,0.9637437605292208,0.9824996733383418,0.9988733557451666,0.9999987180130347,1.0,1.0,0.9997527847977518,0.98886432200528,0.9529438810725236,0.9286133561123799,0.953359659323721,0.985760189497776,0.9992595970448912,0.9999992629895551,1.0,1.0,0.9997993792729195,0.9924465383999748,0.9775360167792744,0.9612707306465162,0.9839561637929188,0.9995011238772464,0.9999916902594155,0.9999999931399912,1.0,1.0,0.9999972750622486,0.9998870339173105,0.9959542572298042,0.982040128398294,0.9928360400196742,0.9998637849176621,1.0,1.0,1.0,1.0,1.0,0.9999994710688096,0.9998868086015957,0.9994372023058413,0.9997724194982753,0.9999954255675714,1.0,1.0,1.0,1.0,1.0,1.0,1.0,1.0,1.0,1.0,1.0,1.0,1.0,1.0,1.0,1.0,1.0,1.0,1.0,1.0,1.0,1.0,1.0
#-2-norbert.roesch.png,1.0,1.0,0.9999999945607716,0.9999996400596042,0.9999992765991956,0.9999987512581647,0.9999999172982577,1.0,1.0,1.0,1.0,0.9999999296210081,0.9999842294450996,0.9993671447212997,0.9989748394488869,0.9987046860490515,0.9999079481917925,0.9999999470274535,1.0,1.0,1.0,0.999981708752823,0.9978490139338911,0.9798685206481434,0.9689338330838271,0.9659896763563381,0.9954630648994802,0.9999565092266008,1.0,1.0,1.0,0.9999118520455345,0.9887961279111914,0.9233724825349482,0.9091899602740551,0.9108120595619428,0.9770345834294721,0.9995829145858979,1.0,1.0,1.0,0.9997069605324826,0.982939629225616,0.9225518666020339,0.9136384445551866,0.9182752059666539,0.979439425090465,0.9996434788577874,1.0,1.0,1.0,0.9998237116054585,0.9893307590991003,0.9394249217340422,0.9334529329619327,0.9684970664848174,0.9956539466137573,0.9999361830431532,1.0,1.0,1.0,0.9999982020255294,0.9983955244285859,0.9755525031188079,0.9601666054222977,0.9908388871010351,0.9999390018504819,0.999999766507514,1.0,1.0,1.0,1.0,0.9999090600331105,0.9977618024644004,0.9859397292879428,0.9960096609972923,0.9999792770955426,1.0,1.0,1.0,1.0,1.0,0.9999999200764342,0.9999823618619411,0.999695561296887,0.9999001585598634,0.9999994261695948,1.0,1.0,1.0,1.0,1.0,1.0,1.0,1.0,1.0,1.0,1.0,1.0,1.0
#-3-norbert.roesch.png,0.9999985573175004,0.9999750164854574,0.9999925341731608,0.9999958072216325,0.9999904062101673,0.9999996208708409,1.0,1.0,1.0,1.0,0.9997332740235318,0.9956705442432557,0.9987774878362481,0.998874015203753,0.9973414500665818,0.9998627284064363,0.9999946037782392,0.9999999629378526,1.0,1.0,0.9967238859274724,0.9698265632895635,0.9900383161579551,0.9839872980151306,0.9649594311362877,0.989128228708918,0.998287060230594,0.9999883573415181,1.0,1.0,0.9723319240244883,0.9133762043330881,0.9355237800676932,0.9283515767630992,0.9089258411991283,0.9471886569084421,0.9910656351794632,0.999938324547146,0.999999999817283,1.0,0.9903852188001587,0.9492639079951798,0.9700187652825104,0.9761229560638496,0.9576804773498777,0.980176225545404,0.9892757992724863,0.9995589809169323,0.9999998574778317,1.0,0.9857609509416023,0.9439582934539643,0.9406200451446889,0.936278717581696,0.9086384773282237,0.9374292308451234,0.9655074009483637,0.9980238035104945,0.9999989427045629,1.0,0.9762966532130715,0.9300497197432323,0.9507938866142456,0.9658861097901461,0.9550999381615306,0.9928708492986065,0.9976456993267336,0.9998257366281017,0.9999998707927464,1.0,0.9988865535360955,0.9833976549726593,0.9903732204906177,0.9897287561273541,0.9726952554274075,0.9986731304797067,0.999999629040389,0.9999999518786751,0.9999999999117422,1.0,0.9999730475439577,0.9991525953723829,0.9995349288799684,0.9989186415983673,0.9966442273043621,0.9998134443978739,1.0,1.0,1.0,1.0,0.9999999837415695,0.9999995000141895,0.9999997218391738,0.9999970431377438,0.9999897317805301,0.9999993767194083,1.0,1.0,1.0,1.0
#-4-norbert.roesch.png,1.0,1.0,1.0,1.0,1.0,1.0,1.0,1.0,1.0,1.0,1.0,1.0,0.9999998197995761,0.9999395077697326,0.9995369030519126,0.9997648637712914,0.9999944676594805,1.0,1.0,1.0,1.0,1.0,0.9999666141796112,0.9953986765580339,0.9714887217308532,0.9823904099653408,0.9990825841054731,0.9999976822680873,1.0,1.0,1.0,1.0,0.9995103408099402,0.9639393926166716,0.8526803862989328,0.8933172688808892,0.9901786776927864,0.9999648477871255,1.0,1.0,1.0,1.0,0.9996919141028355,0.970076796012602,0.8560688451539489,0.9266895448653103,0.996335188842195,0.9999909381806966,1.0,1.0,1.0,1.0,0.9996008289669773,0.9626255835452715,0.847593287978443,0.9348248671012279,0.9981391615414369,0.9999999601974527,1.0,1.0,1.0,1.0,0.9999074545000127,0.9867766303050356,0.9363978350434042,0.977331513642498,0.9997272064816933,1.0,1.0,1.0,1.0,1.0,0.9999971426162437,0.9994708297034416,0.9952103934954737,0.9975617597259526,0.9999727228894983,1.0,1.0,1.0,1.0,1.0,1.0,0.9999996872745422,0.9999875175936201,0.9999913394053762,0.9999998956442543,1.0,1.0,1.0,1.0,1.0,1.0,1.0,1.0,1.0,1.0,1.0,1.0,1.0
#-5-norbert.roesch.png,1.0,0.9999643541337666,0.9976695005469471,0.9972692141982806,0.9996943035982934,0.9927730820841274,0.9963562746625765,0.9999681079953477,1.0,1.0,0.9998885615676651,0.9990515924486234,0.9714436470396912,0.9749370478010466,0.9969499417260059,0.959132598330122,0.98176894339567,0.9984408266431118,0.9973391739780765,0.9988390629344406,0.9836725148432592,0.9616707332967099,0.9086392244835636,0.9320329978654975,0.9393284870360508,0.8931059096154478,0.9261485609826441,0.9360879351250594,0.927765881446589,0.9760983974216114,0.9605559590641969,0.9236754623655583,0.8866948479025866,0.9199144789014102,0.9389723967558768,0.8984954268355381,0.9377642632325315,0.951247414972034,0.9648502137465254,0.9915513816602665,0.998426608510087,0.9954327385751878,0.9509048405798624,0.9782670620508784,0.988659211109743,0.9375519863150273,0.9808617157217213,0.9822551885492041,0.9783971471909473,0.9823201337090136,0.9940090933925153,0.9805365793868368,0.9283132146657802,0.9511243153163742,0.9317847830749013,0.8634013186790419,0.9011933172744119,0.9078972906169664,0.9110320775121246,0.9517901116100717,0.9471774580384743,0.9047289557204206,0.8711519071300817,0.8905712041049842,0.9224471258246953,0.9250148508168966,0.9837800726981912,0.9916535713783636,0.9935782048015953,0.9976315938522042,0.992037619517517,0.989216970527224,0.9513294257109364,0.9711807340655689,0.9824292720468314,0.9514693942619118,0.9973880729766654,0.9999988921755855,0.9999999978555084,1.0,0.9999831492403455,0.9977129387115605,0.9487092245423674,0.9793206491546727,0.9874715426409537,0.965800962374591,0.998367575826574,1.0,1.0,1.0,1.0,0.9994486070601566,0.9882452476018669,0.9955294038486935,0.9987977056948455,0.9969157884077094,0.9998598188676506,1.0,1.0,1.0
#-6-norbert.roesch.png,1.0,1.0,0.9999814318670098,0.9993161937818222,0.999528770212136,0.9993766367309762,0.9994482458513883,0.999990963070464,1.0,1.0,1.0,1.0,0.9991850770997364,0.96921097404128,0.9782465388342861,0.9723600727218404,0.9747111039250707,0.9995676748454775,0.9999997280945145,1.0,1.0,0.9999323281827857,0.9949696964263065,0.9121346323429378,0.9351016441675044,0.9215231421948462,0.9237115434103356,0.9910742194672517,0.9996983786772045,1.0,1.0,0.9985227436550517,0.9333402049531194,0.7682867885448803,0.8178841375107179,0.8126304992935806,0.7805958667841427,0.9074628560741416,0.9968070400229367,0.9999999684485424,1.0,0.9992974536434912,0.967180358427738,0.8345094689037361,0.7710193762117747,0.7116756630662019,0.7935266908551719,0.9322404712543416,0.9960382301353158,0.9999925736682556,1.0,0.9989528150549929,0.9392639533963864,0.7551813793557881,0.7432173686026808,0.7441389497411308,0.7995945795446141,0.8646429806441542,0.9872090463511503,0.9999676675799924,1.0,0.9996737672806429,0.9811817674482175,0.8868926261258888,0.9053671219388655,0.8926719413122753,0.944666023724025,0.990977097339252,0.9990075954575952,0.9999972734242373,1.0,0.9999980497236056,0.9992616364168144,0.961331158073792,0.9563388553631804,0.9433620188593775,0.9621133394621773,0.9995247353123361,0.9999997127498534,0.9999999991465441,1.0,1.0,0.9999690300753024,0.9981243048070828,0.9978529644715461,0.996150937631552,0.9972264204099396,0.9999633381076969,1.0,1.0,1.0,1.0,0.9999999903836991,0.9999992994584195,0.9999989820416162,0.9999945255001966,0.9999960195207847,0.9999999474883645,1.0,1.0
#-7-norbert.roesch.png,1.0,1.0,1.0,0.9999999966947161,0.9999995083551025,0.9999987492773815,0.9999999455878512,1.0,1.0,1.0,1.0,1.0,0.999996383243131,0.9998034087746632,0.9994235658754671,0.9990549672615595,0.9999615991978023,1.0,1.0,1.0,1.0,0.9999913046575954,0.9993870506963842,0.9918181742685481,0.9853071043725101,0.9843998720510196,0.9982618016269355,0.9999324328399626,0.999999980437324,1.0,1.0,0.9998390516692657,0.9893035158814067,0.951386263665874,0.9345805478854343,0.9430932597644768,0.9773328447256856,0.9988728730020591,0.9999997251590187,1.0,1.0,0.9999177583110656,0.9941603177935834,0.9618361661316583,0.9399913242924952,0.9526223198162989,0.9832047456946341,0.997793393985232,0.999971836859632,1.0,1.0,0.9996190165010359,0.9832520836629409,0.9390973782417151,0.9327847508308158,0.9434497777282546,0.9575759820992263,0.9863428247986723,0.9997546670140555,1.0,1.0,0.9999241844361448,0.9964181307750779,0.9762484047987992,0.9818168516402146,0.9768549840961531,0.9953495382430829,0.9982825161762069,0.99996443874553,1.0,1.0,0.9999997553147836,0.9998226849857197,0.9964793548285746,0.9977175494766168,0.995541591319117,0.9996438280585149,0.9999976589718319,0.9999999324615909,1.0,1.0,1.0,0.9999988606679499,0.9999768618769078,0.9999856432664868,0.9999671781441478,0.9999970162015208,1.0,1.0,1.0,1.0,1.0,1.0,1.0,1.0,1.0,1.0,1.0,1.0,1.0
#-8-norbert.roesch.png,1.0,1.0,0.9999968170127445,0.9999007492126116,0.9997694713451601,0.9998163831664015,0.9999963729296151,1.0,1.0,1.0,1.0,0.9999999973893479,0.9995800216728896,0.9880172569139822,0.9808477357231263,0.987172335304111,0.9997473436730868,1.0,1.0,1.0,1.0,0.9999795348116802,0.9955643413671899,0.9358277340481733,0.924640776145347,0.9586543192354398,0.9992122340563836,1.0,1.0,1.0,1.0,0.9996638163840901,0.9691970547956225,0.8499244044699927,0.8436309450226707,0.9248046241255392,0.9978913110583253,1.0,1.0,1.0,1.0,0.99969348886934,0.9713922562469085,0.8528354510750931,0.834835111191139,0.9140701444788437,0.9968223043373151,1.0,1.0,1.0,1.0,0.9993741467799996,0.957781220097244,0.849662799805413,0.8654470423768035,0.9204844861347985,0.996707157695267,1.0,1.0,1.0,1.0,0.9999265079450517,0.988487042397368,0.927631652501941,0.9414592189152606,0.9506100416673701,0.9987844451006735,1.0,1.0,1.0,1.0,0.999995585896488,0.9973764046944258,0.9778584868708036,0.9825734972964126,0.9822517468180146,0.9995527187789917,1.0,1.0,1.0,1.0,0.9999999511800753,0.9999618155351795,0.9996588366012225,0.9997033066147092,0.999694188631482,0.9999927739877179,1.0,1.0,1.0,1.0,1.0,1.0,1.0,1.0,1.0,1.0,1.0,1.0,1.0
#-9-norbert.roesch.png,1.0,0.9999999997509532,0.9999998438878064,0.999998903179069,0.9999998679790976,1.0,1.0,1.0,1.0,1.0,1.0,0.9999996194884806,0.999724187801899,0.9979842746460782,0.9993951702927151,0.999616252876305,0.9999927287510967,1.0,1.0,1.0,0.999999980187669,0.9999889423430133,0.9935760597249021,0.950177342185286,0.9748438478872101,0.9814719486472165,0.9996719558804041,1.0,1.0,1.0,0.9999918238615723,0.9979457179508369,0.9709450099393409,0.8746274837953132,0.9090659028037469,0.9404465900347957,0.9982352031581581,0.999952510848269,0.9999999912494125,1.0,0.9999495814651445,0.985303283627738,0.8478950038335731,0.7348102393621329,0.7908442424468625,0.86481287443101,0.9460089256503313,0.9973282888808195,0.9999994114693109,1.0,0.9999941588919075,0.9979080962039968,0.9632217580459792,0.8166551233540322,0.7670559678219508,0.8265016743496412,0.9329059564589113,0.9968686425564368,0.9999992223807629,1.0,0.9999693820561114,0.9915790549551284,0.9164829405680963,0.8228041767686778,0.8490347846723778,0.9432290861634287,0.9889666597357946,0.9993002879209367,0.9999999804869871,1.0,0.9999683664525327,0.9904765409569833,0.8871367484653542,0.7465730374499548,0.73429309862144,0.8050014975800971,0.9066725135336805,0.9953648033391991,1.0,1.0,0.9999994479335625,0.9998012380363112,0.9936600764608596,0.9564938988412213,0.8994331670144502,0.9117244375297034,0.9710224043268242,0.9990306727403138,1.0,1.0,1.0,0.9999999688349579,0.9999548580972135,0.9992276025200785,0.992209097027161,0.9958916702498668,0.9997456294765581,0.9999950311405051,1.0,1.0
+-0-norbert.roesch.png,1.0,1.0,1.0,1.0,1.0,1.0,1.0,1.0,1.0,1.0,1.0,1.0,0.9999999998726269,0.9999999695734518,0.9999998756960427,0.9999999913165056,1.0,1.0,1.0,1.0,1.0,1.0,0.9999997321550909,0.9999419632511426,0.9997317270124431,0.9999718379860119,0.9999999351156715,1.0,1.0,1.0,1.0,1.0,0.9999904012783594,0.9982694331109406,0.991557341010477,0.9987037420413789,0.9999939081575995,1.0,1.0,1.0,1.0,1.0,0.9999906009535535,0.9979829831831764,0.9882049564980397,0.9979432745174005,0.9999901862774961,1.0,1.0,1.0,1.0,1.0,0.9999998085371622,0.9999104428335408,0.9993292507751044,0.9998914637115123,0.9999996430033165,1.0,1.0,1.0,1.0,1.0,1.0,0.9999999113454263,0.9999991563548156,0.9999998622479072,0.9999999996289125,1.0,1.0,1.0,1.0,1.0,1.0,1.0,1.0,1.0,1.0,1.0,1.0,1.0,1.0,1.0,1.0,1.0,1.0,1.0,1.0,1.0,1.0,1.0,1.0,1.0,1.0,1.0,1.0,1.0,1.0,1.0,1.0,1.0
+-1-norbert.roesch.png,1.0,1.0,1.0,0.999998627627942,0.999978587900034,0.999994279115174,0.9999999738284282,1.0,1.0,1.0,1.0,1.0,1.0,0.9998877270063529,0.9983645092333273,0.9995880566260199,0.9999958778807231,0.9999886833451419,0.9999974214163516,0.9999999871410292,1.0,0.9999999554677931,0.9999844135670065,0.9992522419261407,0.9934192925182441,0.998085369290765,0.9984660271085332,0.9977293343898443,0.999623823664696,0.9999983533436014,1.0,0.9999974733291357,0.9992830927995955,0.9921384852947801,0.9827734598218043,0.9878453717836304,0.9877592415819932,0.9909343122080685,0.9989723544375008,0.9999962938062574,1.0,0.9999976509945276,0.9994291207491025,0.9947246285586026,0.9885860887208017,0.9956787711097579,0.9981614154202663,0.9993022017975873,0.9999477285451166,0.9999998550219721,1.0,0.9999999642945401,0.9999888603431214,0.998705316611072,0.992959757277565,0.9992772695367957,0.9999956629706707,0.9999998664333656,0.9999999999585764,1.0,1.0,1.0,0.999999639446546,0.9993048778629456,0.9947771442808357,0.9993185334015473,0.9999996424525339,1.0,1.0,1.0,1.0,1.0,0.9999999988407184,0.9999381023537004,0.9995068546359389,0.9999326596479035,0.999999948440301,1.0,1.0,1.0,1.0,1.0,1.0,0.9999998558808039,0.9999988283702188,0.9999998367363299,0.9999999998170743,1.0,1.0,1.0,1.0,1.0,1.0,1.0,1.0,1.0,1.0,1.0,1.0,1.0
+-2-norbert.roesch.png,1.0,1.0,0.9999999999061764,0.9999993336345073,0.9999938928575991,0.9999989447460966,0.999999997812299,1.0,1.0,1.0,1.0,1.0,0.9999998841250528,0.9998824126007584,0.9991160869056203,0.9998799110823895,0.999994559968186,0.999997325217248,0.9999999715710368,1.0,1.0,0.9999996929995119,0.999980076774236,0.9989214986822182,0.9941979044326807,0.9986768608499422,0.998286195581567,0.99948774327702,0.9999953596142712,1.0,1.0,0.9999518509965285,0.9980382948686664,0.9914774461284012,0.9845655975500252,0.9883264593865309,0.9897917311955606,0.9981913866846497,0.9999869013457128,1.0,1.0,0.999872241294976,0.9958980769088306,0.9890675834541411,0.9890201120234539,0.9964176609353327,0.9987046948493091,0.9998762696712775,0.9999993555993428,1.0,1.0,0.9999943306327661,0.9997677312270872,0.9955695884364633,0.9957908903228601,0.9999058861838718,0.9999973919559975,0.9999999594785359,1.0,1.0,1.0,1.0,0.9998582815215065,0.9954225922049198,0.9973251947921986,0.9999715577545671,1.0,1.0,1.0,1.0,1.0,1.0,0.9999655536743951,0.9990937207713135,0.9995835650210474,0.9999966470255809,1.0,1.0,1.0,1.0,1.0,1.0,0.9999997492300183,0.9999938445951818,0.9999974030819432,0.999999981156671,1.0,1.0,1.0,1.0,1.0,1.0,1.0,1.0,1.0,1.0,1.0,1.0,1.0,1.0
+-3-norbert.roesch.png,1.0,1.0,0.9999999931321395,0.9999980349213278,0.9999895631548319,0.9999988203647016,0.999999997812299,1.0,1.0,1.0,1.0,1.0,0.9999992418883132,0.9997742594542482,0.9988041928892684,0.9998821786250037,0.9999999241001473,1.0,1.0,1.0,1.0,0.9999999854200309,0.9999932980429572,0.9989623661169511,0.9939010968314519,0.9989003510801893,0.9997444796206397,0.9999955804390085,1.0,1.0,1.0,0.9999985140277166,0.9995826358733647,0.9952403315553612,0.9864109060573459,0.9894532253075572,0.9966698497115237,0.9999502661242489,1.0,1.0,1.0,0.9999975445544482,0.999245555283505,0.9916551553025187,0.9849488675157153,0.9951974781260162,0.9992245261560778,0.9999905937216883,1.0,1.0,1.0,0.9999999342404724,0.999972843316663,0.9984009858900738,0.9929741357573999,0.9993694070420902,0.9999966817571934,0.9999999699074263,1.0,1.0,1.0,1.0,0.9999899695107831,0.9981058028762314,0.9936219283323604,0.9996152345257544,1.0,1.0,1.0,1.0,1.0,1.0,0.9999933757313911,0.9989243801108958,0.9969805527699219,0.9998532237176194,1.0,1.0,1.0,1.0,1.0,1.0,0.9999997959455693,0.99996685031104,0.9999069500042207,0.9999954823208539,1.0,1.0,1.0,1.0,1.0,1.0,1.0,1.0,1.0,1.0,1.0,1.0,1.0,1.0
+-4-norbert.roesch.png,1.0,0.9999980480276862,0.9999180048938837,0.9999409478130004,0.999997462236089,0.9999995180597367,0.999999997812299,1.0,1.0,1.0,1.0,0.9999484506543929,0.9977570935663962,0.9983029419684177,0.999861473666072,0.9999748355939037,0.9999998893174906,1.0,1.0,1.0,0.9999975471417544,0.9996877736596815,0.9939023254164286,0.9926075351785567,0.9953761882860044,0.9994011060877066,0.9999977047728037,1.0,1.0,1.0,0.9999489812847039,0.9966875312905821,0.9842675994233208,0.9853865886646267,0.9933431477254611,0.9993217919272303,0.9999976313475097,1.0,1.0,1.0,0.9999818848580693,0.9989974274075205,0.9938314275850089,0.9953440637610327,0.9997647325426754,0.9999870878322434,0.999999959614562,1.0,1.0,1.0,0.9999998915789743,0.9998995205108128,0.9953993101995062,0.9961482406165432,0.9999435545184465,1.0,1.0,1.0,1.0,1.0,1.0,0.9999281259482329,0.9966309994087972,0.9972038929280695,0.9999585577419839,1.0,1.0,1.0,1.0,1.0,1.0,0.9999953671267447,0.9997578016990816,0.9997753153471822,0.9999962933057363,1.0,1.0,1.0,1.0,1.0,1.0,0.9999999951891567,0.9999997215978369,0.9999997217394292,0.999999995196343,1.0,1.0,1.0,1.0,1.0,1.0,1.0,1.0,1.0,1.0,1.0,1.0,1.0,1.0,1.0
+-5-norbert.roesch.png,1.0,1.0,1.0,0.9999870963434664,0.9989764609203865,0.9985609989148503,0.9999643925707982,1.0,1.0,1.0,1.0,0.9999999348541435,0.9999976030303377,0.9999579359048887,0.9970555674614476,0.9948659503599117,0.9993334814698733,0.9996002884933028,0.9999877666646966,1.0,0.9998669314203069,0.9993582088796469,0.998437598316542,0.99739927548221,0.9932342320522739,0.9872364916943673,0.9898086849219498,0.9955436030891971,0.9998854346357693,1.0,0.9961050935440842,0.9892781627997588,0.987697187910461,0.987923616227639,0.9865800142252221,0.9864247418075748,0.9956112679092823,0.9990930561318528,0.9999820793263422,1.0,0.9980589646663566,0.9965753033092366,0.9982212749774085,0.9989824418470086,0.9958802167524947,0.9950305821213569,0.9998419267639429,0.9999965935356605,0.9999999591088249,1.0,0.9999838134958823,0.999979613864407,0.999996401188338,0.9997938459612018,0.9947049920568527,0.9969223398485423,0.9999617313387202,1.0,1.0,1.0,1.0,1.0,0.9999985415398762,0.9992085932005454,0.9933485304220905,0.99868771084721,0.9999942630180256,1.0,1.0,1.0,1.0,1.0,0.9999914284553423,0.9982478484248867,0.993418635567868,0.9995248929447466,0.9999998260708182,1.0,1.0,1.0,1.0,1.0,0.9999873712915521,0.9981668378306353,0.9953405805551545,0.9997917481465027,0.9999999998588457,1.0,1.0,1.0,1.0,1.0,0.9999987877191604,0.9998378537503982,0.9996261312330804,0.9999851237616408,1.0,1.0,1.0,1.0
+-6-norbert.roesch.png,1.0,1.0,1.0,0.9999998835388175,0.9999981869416852,0.9999602731031974,0.9996752675370351,0.999952985861351,0.9999993520925021,0.9999999938965313,1.0,1.0,1.0,0.9999959575247119,0.9999360313815613,0.9994563068253246,0.9953510729565758,0.9984620696580924,0.9997348836857722,0.9999978066835771,1.0,1.0,1.0,0.9999957766374494,0.999531910705626,0.9956600523390606,0.9856770790054779,0.9892366431578281,0.9982176269433722,0.99998761906792,1.0,1.0,1.0,0.9999856404208884,0.997373625236277,0.9856609877380603,0.9855215934512493,0.9957435831193429,0.9997644119756631,0.9999988317522408,1.0,1.0,1.0,0.9999982711435258,0.999715383616731,0.9984510852550121,0.9932984051922955,0.9981720690334134,0.9999908473348201,0.9999999996810135,1.0,1.0,1.0,0.9999999998248581,0.999999980001445,0.9999101706671687,0.9985071251272848,0.9995714733710919,0.9999978731177719,1.0,1.0,1.0,1.0,1.0,1.0,0.9999993081909879,0.9999884354622652,0.9999966669185594,0.999999983418461,1.0,1.0,1.0,1.0,1.0,1.0,1.0,1.0,1.0,1.0,1.0,1.0,1.0,1.0,1.0,1.0,1.0,1.0,1.0,1.0,1.0,1.0,1.0,1.0,1.0,1.0,1.0,1.0,1.0,1.0,1.0
+-7-norbert.roesch.png,1.0,1.0,0.9999993501795765,0.9999370661760667,0.9998942462072311,0.9999965759841662,0.999999997812299,1.0,1.0,1.0,1.0,1.0,0.9999814895388465,0.9983696855716645,0.9974326872081187,0.9998658675918842,0.9999884329928828,0.9999999348994173,1.0,1.0,0.9999999934159327,0.9999957344704185,0.9998393680195647,0.9954951244007977,0.9931106161726763,0.9949692070119,0.9990332062901546,0.9999945853613943,1.0,1.0,0.9999994642017717,0.999681566507133,0.9950433208061954,0.9847446374159863,0.984949632176632,0.9913261082022891,0.9986646060580966,0.999992690024508,1.0,1.0,0.9999992954678384,0.999605830881574,0.9950622969610957,0.9898171978043886,0.9961449679001397,0.9996816169873606,0.999969501596302,0.9999998399073294,1.0,1.0,0.9999999850408463,0.9999919954136682,0.9996071003585505,0.9937545000702823,0.9978333167675604,0.9999867417376498,1.0,1.0,1.0,1.0,1.0,1.0,0.9997664956683641,0.994022248569876,0.9973478839404961,0.9999796603374356,1.0,1.0,1.0,1.0,1.0,1.0,0.9998468102655178,0.99620304624638,0.9983839808604569,0.9999881897300281,1.0,1.0,1.0,1.0,1.0,1.0,0.9999932572750674,0.9998371679541981,0.9999326818522729,0.9999995236312789,1.0,1.0,1.0,1.0,1.0,1.0,1.0,1.0,1.0,1.0,1.0,1.0,1.0,1.0
+-8-norbert.roesch.png,1.0,1.0,1.0,0.999997135332837,0.9999752594415097,0.9999962208680457,0.9999999928534605,1.0,1.0,1.0,1.0,1.0,1.0,0.9998036867641009,0.9982179167668832,0.9997178654401115,0.9999993419361216,1.0,1.0,1.0,1.0,1.0,0.9999986884021055,0.9993026382202324,0.9936241651863523,0.9989632171508009,0.9999972587594672,1.0,1.0,1.0,1.0,1.0,0.9999031395194775,0.9968641174054786,0.9903947228766891,0.9982541626585586,0.9998877292567947,0.999994887003215,0.9999999897359549,1.0,1.0,1.0,0.9998744854784801,0.9950155743768996,0.9819236655367518,0.9883209900050662,0.9948800384232331,0.9996255716405453,0.9999992445589818,1.0,1.0,1.0,0.999996227948081,0.998954702472553,0.9918431005647966,0.9950730380494738,0.9949747120639256,0.999531357716322,0.9999990617551887,1.0,1.0,1.0,0.9999972457591721,0.9989156339842757,0.9930611778493439,0.999199168541723,0.9999069706559685,0.999990159324706,0.9999999804796659,1.0,1.0,1.0,0.9999985906414095,0.999377440205186,0.9958352309585109,0.9995195454591818,0.9999998854753249,1.0,1.0,1.0,1.0,1.0,0.9999999466821061,0.9999708120448382,0.9997934945557196,0.9999748472780607,0.9999999913185059,1.0,1.0,1.0,1.0,1.0,1.0,1.0,1.0,1.0,1.0,1.0,1.0,1.0
+-9-norbert.roesch.png,1.0,1.0,0.9999999541436131,0.9999158595683951,0.9992907732547005,0.9998944120336024,0.9999998131535659,1.0,1.0,1.0,1.0,1.0,0.9999999127605237,0.9995049704814776,0.9946638336893818,0.998934894780926,0.999996272262067,1.0,1.0,1.0,1.0,1.0,0.9999825760867861,0.9993715833039205,0.9935188044430466,0.9977736870348962,0.9999029267785611,0.9999918617778294,0.9999999854969922,1.0,1.0,1.0,0.9997426622316696,0.9943477711566547,0.9861532871235144,0.9902198341063859,0.9953348045289844,0.9996447465457576,0.9999994857133302,1.0,1.0,1.0,0.9999333067955958,0.9979433193383572,0.9893057625099129,0.9882429925479428,0.9953360320791134,0.9997303763213523,0.9999997034570737,1.0,1.0,1.0,0.9999996938422918,0.9998509218213223,0.9948234198767253,0.9965350283088728,0.9998817577560148,0.9999964083999203,0.9999999972199565,1.0,1.0,1.0,1.0,0.9998642569101177,0.9956350384812671,0.997587363773746,0.9999770586564101,1.0,1.0,1.0,1.0,1.0,1.0,0.9999814162733285,0.9994054236537699,0.9996732893617511,0.9999969147533275,1.0,1.0,1.0,1.0,1.0,1.0,0.9999999238001935,0.9999975029789567,0.9999985933452802,0.9999999863713835,1.0,1.0,1.0,1.0,1.0,1.0,1.0,1.0,1.0,1.0,1.0,1.0,1.0
--0-norbert.roesch.png,1.0,1.0,1.0,1.0,1.0,1.0,1.0,1.0,1.0,1.0,1.0,1.0,1.0,0.999999973056279,0.999996317340331,0.9999914019251157,0.9999996571244488,1.0,1.0,1.0,1.0,1.0,1.0,0.9999992170734171,0.9998952005259356,0.999754622084903,0.9999898599536898,0.9999997367984962,0.9999999957974338,1.0,0.9999999340893668,0.9999188544269386,0.9987012999607254,0.9974964777087609,0.9963220825878552,0.9975271662352287,0.9998757946465678,0.9999756728586447,0.9999996115659396,1.0,0.9999990876582193,0.9988028796622795,0.9792734477697927,0.9630320287831047,0.961443779528654,0.9821659097553235,0.9993806867111179,0.9999636677354865,0.9999994198788578,1.0,0.9999997954771777,0.9997108572090898,0.9945708795668937,0.9908785904193639,0.9930227931462461,0.9976089823884776,0.9999375887958528,0.9999991237982511,0.9999999860095935,1.0,0.9999999992570796,0.9999988547998141,0.9999766414021785,0.9999531924473628,0.999919101854264,0.9999893222169873,0.9999999605596115,1.0,1.0,1.0,1.0,1.0,0.9999999820137163,0.9999932212695801,0.9999563703796482,0.9999952054213124,1.0,1.0,1.0,1.0,1.0,1.0,0.9999999997899957,0.9999999208527303,0.9999994905881888,0.9999999440193387,1.0,1.0,1.0,1.0,1.0,1.0,1.0,1.0,1.0,1.0,1.0,1.0,1.0,1.0
--1-norbert.roesch.png,1.0,1.0,1.0,1.0,1.0,1.0,1.0,1.0,1.0,1.0,1.0,1.0,1.0,0.9999998293933898,0.9999823340831053,0.9998707406254699,0.9996620943379577,0.9997737353061255,0.9999116372169969,0.9999880097795288,0.999997547843537,0.9998074103699841,0.9994338269052995,0.9989319718320621,0.9947599074838189,0.9853774215308237,0.9776369528767613,0.9815270063384027,0.9890390311454975,0.9987437491194779,0.9999327015512874,0.9937885518335854,0.9756914228791534,0.9695346695938177,0.9599569687281546,0.9652036385712797,0.9735687616485857,0.9689266609023055,0.975277093918276,0.9977559698192757,0.9999682892291377,0.9964192068034343,0.9819372929358984,0.9820804449207516,0.9916762797977315,0.9980646724315912,0.999389773435278,0.9988760634763136,0.998983718361444,0.9999302306374439,0.9999997398977823,0.9999631578875732,0.9997726540751013,0.99980702780921,0.9999543473412913,0.9999983028523598,0.9999990622649052,0.9999991237982511,0.9999999860095935,1.0,1.0,1.0,0.9999999751142157,0.9999906209628548,0.9999396341490887,0.9999933662310166,1.0,1.0,1.0,1.0,1.0,1.0,0.9999999820137163,0.9999932212695801,0.9999563703796482,0.9999952054213124,1.0,1.0,1.0,1.0,1.0,1.0,0.9999999997899957,0.9999999208527303,0.9999994905881888,0.9999999440193387,1.0,1.0,1.0,1.0,1.0,1.0,1.0,1.0,1.0,1.0,1.0,1.0,1.0,1.0
--2-norbert.roesch.png,1.0,1.0,1.0,1.0,1.0,1.0,1.0,1.0,1.0,1.0,1.0,1.0,1.0,0.999999973056279,0.999996317340331,0.9999914019251157,0.9999996571244488,1.0,1.0,1.0,1.0,0.9999966447717259,0.9998094835000602,0.9995683215640352,0.999748279577495,0.9997248439712445,0.9999896997926219,0.9999997367984962,0.9999999957974338,1.0,1.0,0.9997107603541356,0.9840232225284518,0.9582158645821636,0.9735447261305097,0.9939818081349607,0.9999083995180077,0.9999756728586447,0.9999996115659396,1.0,1.0,0.9995853024414998,0.9774803349224521,0.9235295433619914,0.915136068840591,0.982126003669308,0.9997970038253235,0.9999636677354865,0.9999994198788578,1.0,1.0,0.9999901203398271,0.9994628462291012,0.997252606787419,0.9952325792752232,0.9990701325850844,0.9999915529975061,0.9999991237982511,0.9999999860095935,1.0,1.0,1.0,0.9999999751142157,0.9999906209628548,0.9999396341490887,0.9999933662310166,1.0,1.0,1.0,1.0,1.0,1.0,0.9999999820137163,0.9999932212695801,0.9999563703796482,0.9999952054213124,1.0,1.0,1.0,1.0,1.0,1.0,0.9999999997899957,0.9999999208527303,0.9999994905881888,0.9999999440193387,1.0,1.0,1.0,1.0,1.0,1.0,1.0,1.0,1.0,1.0,1.0,1.0,1.0,1.0
--3-norbert.roesch.png,1.0,1.0,1.0,1.0,1.0,1.0,1.0,1.0,1.0,1.0,1.0,1.0,1.0,0.999999973056279,0.999996317340331,0.9999914019251157,0.9999996571244488,1.0,1.0,1.0,1.0,0.999998291829284,0.9999199655573454,0.9995458818464149,0.9987700737536118,0.9987204932808105,0.9996601574082946,0.9999869081447812,0.999999991767278,1.0,1.0,0.9999179442382607,0.9966966798863569,0.9901767435416318,0.9877498817554567,0.9878934698798296,0.9938628619506337,0.9996742514706511,0.9999994931361953,1.0,1.0,0.9999356586015582,0.9976830997568193,0.9956065640142214,0.9975869255287255,0.997563065172873,0.9979915516877629,0.9998458229280048,0.9999993636527416,1.0,1.0,0.9999991775602561,0.9999729336190248,0.9999612745515901,0.9999867444852693,0.9999907260175135,0.9999881349965625,0.9999983607061462,0.9999999855785697,1.0,1.0,1.0,0.9999999751142157,0.9999906209628548,0.9999396341490887,0.9999933662310166,1.0,1.0,1.0,1.0,1.0,1.0,0.9999999820137163,0.9999932212695801,0.9999563703796482,0.9999952054213124,1.0,1.0,1.0,1.0,1.0,1.0,0.9999999997899957,0.9999999208527303,0.9999994905881888,0.9999999440193387,1.0,1.0,1.0,1.0,1.0,1.0,1.0,1.0,1.0,1.0,1.0,1.0,1.0,1.0
--4-norbert.roesch.png,1.0,1.0,1.0,1.0,1.0,1.0,1.0,1.0,1.0,1.0,1.0,1.0,1.0,0.999999973056279,0.999996317340331,0.9999914019251157,0.9999996571244488,1.0,1.0,1.0,1.0,1.0,0.9999998647182451,0.9999913672154829,0.9998550775720016,0.9997252202367629,0.9999863440838014,0.999999713147766,0.9999999957974338,1.0,1.0,0.9999898124021793,0.9990460202378157,0.9947044014355914,0.9898541818724538,0.9912461099689474,0.9982599828003232,0.9999556891364787,0.9999996115659396,1.0,1.0,0.9998942615534048,0.9907233755351953,0.9608407098483418,0.9578427357798822,0.9616668043953238,0.9890021547903631,0.9998117749321868,0.9999994198788578,1.0,1.0,0.9999821744868552,0.9985179389268892,0.9949484835235562,0.9968559539278671,0.9969900328214047,0.9987888897477115,0.9999799095490346,0.9999999860095935,1.0,1.0,0.9999999514586431,0.9999963701065215,0.9999837989145965,0.9999392422119461,0.9999929026412583,0.9999992794325243,0.9999999805932067,1.0,1.0,1.0,1.0,0.9999999820137163,0.9999932212695801,0.9999563703796482,0.9999952054213124,1.0,1.0,1.0,1.0,1.0,1.0,0.9999999997899957,0.9999999208527303,0.9999994905881888,0.9999999440193387,1.0,1.0,1.0,1.0,1.0,1.0,1.0,1.0,1.0,1.0,1.0,1.0,1.0,1.0
--5-norbert.roesch.png,1.0,1.0,1.0,1.0,1.0,1.0,1.0,1.0,1.0,1.0,1.0,1.0,1.0,0.999999973056279,0.999996317340331,0.9999914019251157,0.9999996571244488,1.0,1.0,1.0,1.0,0.999999030975111,0.9999702040999727,0.9999762192470276,0.9998941761337248,0.9997584291999848,0.9999900883754033,0.9999997367984962,0.9999999957974338,1.0,1.0,0.9998723515782281,0.9953472721367747,0.9927722757425602,0.9948726375634827,0.9972260028437997,0.9998258620706665,0.9999755695546484,0.9999996115659396,1.0,1.0,0.9997068106016551,0.9857994710589291,0.959475022639495,0.957690829261082,0.9759225566358184,0.9986323033219932,0.9999627057488337,0.9999994198788578,1.0,1.0,0.9999875514295362,0.9990902578231138,0.9956965402387785,0.9941990798952643,0.9964611834904945,0.9997997468916555,0.9999989785403554,0.9999999860095935,1.0,1.0,1.0,0.9999999579273842,0.9999896245296616,0.9999314527025046,0.9999861554723781,0.9999995528744519,0.9999999996649709,1.0,1.0,1.0,1.0,0.9999999820137163,0.9999932212695801,0.9999563703796482,0.9999952054213124,1.0,1.0,1.0,1.0,1.0,1.0,0.9999999997899957,0.9999999208527303,0.9999994905881888,0.9999999440193387,1.0,1.0,1.0,1.0,1.0,1.0,1.0,1.0,1.0,1.0,1.0,1.0,1.0,1.0
--6-norbert.roesch.png,1.0,1.0,1.0,1.0,1.0,1.0,1.0,1.0,1.0,1.0,1.0,1.0,1.0,0.999999973056279,0.999996317340331,0.9999914019251157,0.9999996571244488,1.0,1.0,1.0,0.9999999939909546,0.9999976910895801,0.9999797258218968,0.9999406657584,0.9998279587490669,0.999734958924989,0.9999892390804113,0.9999997367984962,0.9999999957974338,1.0,0.9999985712401251,0.9993908562708882,0.9935270304521941,0.9878944003484412,0.9874439528176413,0.9934201509485912,0.9996665226264173,0.9999756728586447,0.9999996115659396,1.0,0.9999944208636942,0.9973156217827218,0.9657937584916336,0.952844119967922,0.9604381386486349,0.9689094389565416,0.9982404464733591,0.9999636677354865,0.9999994198788578,1.0,0.999999642473635,0.9997960315479906,0.9966993164126654,0.996162631543251,0.9977474112106621,0.9973355163903773,0.9998340314532672,0.9999991237982511,0.9999999860095935,1.0,1.0,0.9999999642219489,0.9999978763558683,0.9999879182374594,0.9999395355080904,0.9999932657871214,0.9999999923306858,1.0,1.0,1.0,1.0,1.0,0.9999999820137163,0.9999932212695801,0.9999563703796482,0.9999952054213124,1.0,1.0,1.0,1.0,1.0,1.0,0.9999999997899957,0.9999999208527303,0.9999994905881888,0.9999999440193387,1.0,1.0,1.0,1.0,1.0,1.0,1.0,1.0,1.0,1.0,1.0,1.0,1.0,1.0
--7-norbert.roesch.png,1.0,1.0,1.0,1.0,1.0,1.0,1.0,1.0,1.0,1.0,1.0,1.0,1.0,0.999999973056279,0.999996317340331,0.9999914019251157,0.9999996571244488,1.0,1.0,1.0,1.0,0.9999998612624665,0.9999787590811462,0.9998755759211155,0.9998520048581978,0.9997579012085906,0.9999900887757541,0.9999997367984962,0.9999999957974338,1.0,1.0,0.9999852650367947,0.9977736921758809,0.9863913845616123,0.9945547819465385,0.9998113332412016,0.9999696100669867,0.9999756728586447,0.9999996115659396,1.0,1.0,0.999974171972581,0.9961398158498316,0.9749602701148005,0.9890343347926281,0.9998299995035126,0.9999611130109065,0.9999636677354865,0.9999994198788578,1.0,1.0,0.999999253180576,0.9998892913018556,0.9992290146794237,0.999625784154054,0.9999937752919932,0.9999990629618167,0.9999991237982511,0.9999999860095935,1.0,1.0,1.0,0.9999999751142157,0.9999906209628548,0.9999396341490887,0.9999933662310166,1.0,1.0,1.0,1.0,1.0,1.0,0.9999999820137163,0.9999932212695801,0.9999563703796482,0.9999952054213124,1.0,1.0,1.0,1.0,1.0,1.0,0.9999999997899957,0.9999999208527303,0.9999994905881888,0.9999999440193387,1.0,1.0,1.0,1.0,1.0,1.0,1.0,1.0,1.0,1.0,1.0,1.0,1.0,1.0
--8-norbert.roesch.png,1.0,1.0,1.0,1.0,1.0,1.0,1.0,1.0,1.0,1.0,1.0,1.0,1.0,0.999999973056279,0.999996317340331,0.9999914019251157,0.9999996571244488,1.0,1.0,1.0,0.9999993575947779,0.9999606666527978,0.9997397746238993,0.9991364347718334,0.9983505389315395,0.9986064827091995,0.9994043236638878,0.9995641538810224,0.9998074730653357,0.9999914825181078,0.999874560552136,0.9933459367209383,0.97482334159736,0.9571685863633042,0.9460449596941305,0.9487395482441122,0.9585617511057474,0.9630612463399922,0.9811106715937976,0.9991120258018849,0.9995959889982551,0.9808620072368359,0.952714071764894,0.9621252604118314,0.9681972518748787,0.9595691267249739,0.9504832093935325,0.9482877843698161,0.9692993689528606,0.9984730686678476,0.9999785600319251,0.9990757417000009,0.9983273806787512,0.9993842082182386,0.9996775629045206,0.9994374897821983,0.9990062595067009,0.9988038816699523,0.999174484656467,0.999956721241332,1.0,1.0,0.9999999751142157,0.9999906209628548,0.9999396341490887,0.9999933662310166,1.0,1.0,1.0,1.0,1.0,1.0,0.9999999820137163,0.9999932212695801,0.9999563703796482,0.9999952054213124,1.0,1.0,1.0,1.0,1.0,1.0,0.9999999997899957,0.9999999208527303,0.9999994905881888,0.9999999440193387,1.0,1.0,1.0,1.0,1.0,1.0,1.0,1.0,1.0,1.0,1.0,1.0,1.0,1.0
--9-norbert.roesch.png,1.0,1.0,1.0,1.0,1.0,1.0,1.0,1.0,1.0,1.0,1.0,1.0,1.0,0.999999973056279,0.999996317340331,0.9999914019251157,0.9999996571244488,1.0,1.0,1.0,0.999999956254482,0.9999891865377795,0.999910596898687,0.9998537609485557,0.9997436988284549,0.9995702459832035,0.9998773062054627,0.9999938486338198,0.9999999943764861,1.0,0.9999920501937191,0.9980118864368016,0.9835854858846227,0.9770645912206601,0.9760958624644379,0.9739917371865312,0.9853675265170483,0.9992442233460987,0.9999994642850094,1.0,0.9999763753241255,0.9940194725468918,0.9505253405903765,0.9393716423425698,0.9379317376180766,0.9412040137627833,0.968871708809637,0.9984713992407647,0.9999991712936582,1.0,0.9999988528463659,0.9997058583921905,0.9975559101200115,0.9973216533884,0.9973139066922283,0.9977974466905196,0.9989112656540151,0.9999491652296647,0.9999999791809222,1.0,1.0,1.0,0.9999999751142157,0.9999906209628548,0.9999396341490887,0.9999933662310166,1.0,1.0,1.0,1.0,1.0,1.0,0.9999999820137163,0.9999932212695801,0.9999563703796482,0.9999952054213124,1.0,1.0,1.0,1.0,1.0,1.0,0.9999999997899957,0.9999999208527303,0.9999994905881888,0.9999999440193387,1.0,1.0,1.0,1.0,1.0,1.0,1.0,1.0,1.0,1.0,1.0,1.0,1.0,1.0
o-0-norbert.roesch.png,1.0,0.9999999873018126,0.9999975030586148,0.9999712387875399,0.9999464068165822,0.9999740894446836,0.9999984916110768,0.999999997505629,1.0,1.0,0.999999999889368,0.9999908722807458,0.9993187996565588,0.9961405687778775,0.9938972721315896,0.9960663374120439,0.999574616040213,0.9999966699331146,1.0,1.0,0.9999998294243487,0.9997661676580057,0.9945775341302628,0.9895708307989279,0.9874092562020198,0.9866879779714354,0.9957806730328369,0.9999108808893371,1.0,1.0,0.9999949423021004,0.9987645221572501,0.9933734985265849,0.9986487720290858,0.9993621780090758,0.9965216965248727,0.9940766715750822,0.9997688570554777,1.0,1.0,0.9999829260779486,0.9976191882079146,0.9939964740670626,0.9996952537718483,0.9999072733552092,0.9977947930411525,0.9938287706702715,0.9996918375077031,1.0,1.0,0.9999901369254278,0.9983035729549687,0.992705310566502,0.9981297467222585,0.9998215463682188,0.997921155267309,0.9934589226587284,0.9995918805997474,1.0,1.0,0.9999995081959296,0.999730956082258,0.9949136498613357,0.9899182230707542,0.9927032690873341,0.9907573911935439,0.9946589082744051,0.9998226433893453,1.0,1.0,0.999999999311443,0.9999960124498285,0.999676893952836,0.9965917730328979,0.992384002042288,0.9948879491618282,0.9991836096039537,0.9999901253509962,1.0,1.0,1.0,0.9999999994753614,0.9999991272247385,0.9999611017786529,0.9998523486208163,0.9999324513305117,0.9999954269418901,0.9999999794991148,1.0,1.0,1.0,1.0,1.0,1.0,1.0,1.0,1.0,1.0,1.0,1.0
o-1-norbert.roesch.png,1.0,1.0,0.999999999290411,0.999999464677042,0.9999817213619302,0.9999184372345779,0.9999703971998075,0.9999994199963576,0.9999999999974034,1.0,1.0,0.9999999604884529,0.9999816300065765,0.9995012329868229,0.9972025967719704,0.9939662625916814,0.9972121203506837,0.9998824915440381,0.9999998781251407,1.0,1.0,0.9999917128570056,0.998974106379068,0.9921221373076938,0.9887175192546203,0.991144604424493,0.9914722042911861,0.9988019298998214,0.999995036149899,1.0,1.0,0.9998734855348956,0.995527627637751,0.9937639798969853,0.9985614086081658,0.9994996554381871,0.9941821219583608,0.9972438383157924,0.9999746879919554,1.0,1.0,0.9995578505802225,0.9935675234042928,0.9980795740761126,0.9999047870311708,0.9997965217167515,0.9942335568957565,0.99687653403384,0.9999702903970552,1.0,1.0,0.9993815987051485,0.9929167133224794,0.9978232333336854,0.9996496739816318,0.9982953990598794,0.9920884066632345,0.9977211889815083,0.9999848244681563,1.0,1.0,0.9997971899617157,0.994597627800347,0.9890858714058453,0.9903760789470936,0.9890014627716296,0.994056783439855,0.9996188549875198,0.9999990604772369,1.0,1.0,0.9999940401895975,0.9995703357482335,0.9969964182450275,0.994721875231246,0.9971925215592777,0.9996092416841096,0.9999930257678945,0.9999999983328758,1.0,1.0,0.9999999985838777,0.9999991346920577,0.9999815009134474,0.999948136717477,0.999982188217539,0.9999994050221435,0.9999999992520998,1.0,1.0,1.0,1.0,1.0,1.0,1.0,1.0,1.0,1.0,1.0,1.0
o-2-norbert.roesch.png,1.0,0.9999999944071352,0.9999963742755288,0.9999405726611585,0.9999371430257407,0.9999871632733147,0.9999996552340373,0.9999999999493743,1.0,1.0,1.0,0.9999963414137152,0.9994768856759972,0.9953496392133091,0.994405469107961,0.9977431749973756,0.9998394679279099,0.9999987359902639,0.9999999996282447,1.0,0.999999986768999,0.9998727981887767,0.995934822679374,0.9910516929018681,0.990670672081269,0.9894804401498618,0.9960980878950481,0.9997649460815127,0.9999990063825754,1.0,0.9999989157153358,0.9992608407967339,0.9933344082028126,0.9982307947737034,0.9996140152567862,0.9969028038522839,0.9912150162704253,0.9971596408216307,0.9999557842014689,1.0,0.9999942729214425,0.9985164189677147,0.9932767108769045,0.9994298984631906,0.9999211461510188,0.9998883479823767,0.9967019659450256,0.9943246288097194,0.9997738618252945,1.0,0.9999931103833708,0.9983663000488343,0.9933490444856079,0.9995341547837917,0.9999948561301714,0.9999773044234267,0.9975541152889844,0.9940663398136413,0.9997244245114426,1.0,0.9999945159200694,0.9985292947453525,0.9932331077702088,0.9994520962698299,0.9999387123177302,0.9997383693743654,0.995143468793934,0.9963051765121864,0.9999178270436915,1.0,0.9999972227726182,0.998923390294428,0.9926133408008102,0.997760794925393,0.9989663663140838,0.9964752825927576,0.9930510373448441,0.9990003928223554,0.9999943736223253,1.0,0.9999998130458833,0.9996949327293384,0.9939027665984779,0.9880838828777587,0.9879715837222686,0.9894857537775709,0.9970327261588399,0.9999216507431501,0.9999999547598326,1.0,0.9999999996317039,0.9999920399229324,0.999635346630885,0.9982397622737443,0.9974163247260108,0.9987248808547842,0.999895909453667,0.9999992948242652,1.0,1.0
o-3-norbert.roesch.png,1.0,1.0,1.0,1.0,0.9999739704403439,0.9974008042077148,0.9835432121754459,0.988650836437484,0.9992504342267972,0.9999977753696347,1.0,1.0,1.0,0.9999998464763147,0.9990998596863514,0.9731622614540267,0.9433785892911528,0.9468659382212997,0.9880572368784519,0.9998732471538953,1.0,1.0,1.0,0.9999918386939153,0.9954863250553441,0.9608252080999411,0.988626606014237,0.9765889078378304,0.9718010160810377,0.9991134401143189,1.0,1.0,1.0,0.9999653611732308,0.9921355758852244,0.9654718909520593,0.9971400680080432,0.9896278055712668,0.9674885783718409,0.9981607925504121,1.0,1.0,1.0,0.9999624286074703,0.9925537789557759,0.9646008672491954,0.9965958020124508,0.9884348635608015,0.9678167671647775,0.9983115676264066,1.0,1.0,0.9999999994439915,0.9999948681789571,0.9964528556732026,0.9608351457272594,0.9819295403728275,0.9697478971334383,0.9743726824332972,0.9993461389605554,1.0,1.0,0.9999999751142157,0.9999905815016972,0.9994341824611778,0.9799131195897579,0.9415033463313015,0.9501558397232024,0.9919817993462035,0.9999353920553213,1.0,1.0,0.9999999820137163,0.9999932212695801,0.999948195576357,0.9989772104509845,0.9925343185895279,0.995008650050726,0.9997248240430323,0.9999993917435153,1.0,1.0,0.9999999997899957,0.9999999208527303,0.9999994901119169,0.9999990163534525,0.999983907802673,0.999991081649989,0.9999998494991615,1.0,1.0,1.0,1.0,1.0,1.0,1.0,1.0,1.0,1.0,1.0
o-4-norbert.roesch.png,0.9999557087717971,0.9988368383390778,0.9975187610573902,0.9987071820703171,0.9999220280217623,0.9999997981891517,1.0,1.0,1.0,1.0,0.9990351887134176,0.9916563509865826,0.9868022861813369,0.9891086169558656,0.9980826940482257,0.9999681737496814,0.9999999949901328,1.0,1.0,1.0,0.9966633876318286,0.9944427985720706,0.9985565953430273,0.9954937843038659,0.9935186945597951,0.9994541206236487,0.9999983332939207,0.9999997367984962,0.9999999957974338,1.0,0.9949753703295444,0.996490773138229,0.9999507156652319,0.9994554630475648,0.9939750276125869,0.9974935406176098,0.9999448050577129,0.9999756728586447,0.9999996115659396,1.0,0.994795124362207,0.9966618100748923,0.9999616958773463,0.9999275055889493,0.9962928836116931,0.995169889102242,0.9998314811099973,0.9999636677354865,0.9999994198788578,1.0,0.9957492895577694,0.9957671650476714,0.9999182654855454,0.9999820604004699,0.997614800732,0.9940014720993847,0.9997279697825157,0.9999991237982511,0.9999999860095935,1.0,0.9971811815345126,0.9943807009764638,0.9997604536691738,0.9999620583530284,0.9971102841420878,0.9944324966609924,0.9997915919222363,1.0,1.0,1.0,0.9986733352596238,0.9925552096713377,0.9970690988302118,0.9990544936236148,0.995027917607019,0.9960646707284162,0.9999282586330465,1.0,1.0,1.0,0.9998152835118984,0.9956056892560846,0.9887287637512876,0.9883507258675979,0.9901634677456765,0.9983128949913735,0.9999883037420827,1.0,1.0,1.0,0.9999977240713835,0.9998320591296482,0.9986810549136902,0.9969957757722683,0.9983018412373666,0.9998914066089654,0.9999997315238791,1.0,1.0,1.0
o-5-norbert.roesch.png,1.0,0.9999989946962511,0.999845410997094,0.9971550682979552,0.9931862639572964,0.9992994697946312,0.9999977284610407,1.0,1.0,1.0,0.9999991854126743,0.99948173291616,0.9835637369080457,0.9178986296758589,0.874545142283668,0.9745636568637943,0.9986668707059485,0.9999755343947673,0.9999999741577601,1.0,0.9999334973987282,0.9868338281482243,0.8908057017843656,0.8840907789160195,0.8819978447539498,0.8730079402606393,0.950844296395183,0.9957834262831585,0.9999680302880114,0.9999999999458029,0.9996299380559002,0.9639839108400825,0.9070458356542743,0.9862141027299702,0.9901945218744568,0.9373419560332908,0.8686985826455018,0.9467457356931068,0.9983748247222949,0.9999994368918991,0.9995173628278723,0.9612642357858723,0.934141668389298,0.9975368581935228,0.9998652504926504,0.9974749975280811,0.9539384283309186,0.8975117077663967,0.9904797714234106,0.9999836648573853,0.9997745165546635,0.9715044181826193,0.9180647580569963,0.9942667487559551,0.9999895698963893,0.9999423454954331,0.9863489732281162,0.9124024918290304,0.9869575630076641,0.9999661086350504,0.9999480648139861,0.9848353490734212,0.8945283603542041,0.9692589499950526,0.9974116632310664,0.9956336347935568,0.9505205286354996,0.9011661443594747,0.9920834096085269,0.9999900961752282,0.999997325434093,0.9966238599840869,0.9256715793262353,0.8711636690056513,0.9205285678526705,0.9083626951656989,0.8670698986843015,0.949759953094925,0.9986624593943112,0.9999998127110347,0.9999999937397378,0.9998888486636001,0.9925252940118774,0.9502364976418978,0.9111812900432167,0.9189983950575531,0.964298121161001,0.9964146126216491,0.9999720048277777,1.0,1.0,0.9999998576702627,0.9999612971559018,0.9991640993677522,0.996951670792148,0.9976368307151994,0.9995795638629125,0.9999866552427938,0.9999999796573391,1.0
o-6-norbert.roesch.png,1.0,1.0,0.9999998063332863,0.9999677369605585,0.999803022228819,0.9999468003008198,0.9999994507111544,1.0,1.0,1.0,1.0,0.9999999981210353,0.9998770478221113,0.9902067537727948,0.9579875523187735,0.9824362431134475,0.9989112436603437,0.9999934743050711,1.0,1.0,1.0,0.9999953713122521,0.996218802369411,0.9030159579868564,0.794830108838058,0.8284162064017695,0.9596082291064809,0.9993122335123441,0.9999999957974338,1.0,1.0,0.9997795937338166,0.9694243248307866,0.8533634044809413,0.9533876474114069,0.904608120633567,0.8846701650902555,0.9945839358289394,0.9999996115659396,1.0,1.0,0.998515796915403,0.9249588180835403,0.9068560282145348,0.9960912556166605,0.9718713413929401,0.8834269931054898,0.9908355023577515,0.9999994198788578,1.0,1.0,0.9960489930676601,0.8992313882320883,0.9490622712036736,0.9993539360646051,0.9742165198756962,0.8866762837429953,0.9908847573491357,0.9999999860095935,1.0,1.0,0.9941923073005811,0.8927260009228134,0.9636614611968704,0.9992727588328765,0.9576756417394454,0.8881705122677754,0.9935692473707466,1.0,1.0,1.0,0.9934260970929649,0.8860166281025155,0.9595916318621306,0.9855211965394042,0.8825870307680688,0.9190126647633865,0.9980608612888819,1.0,1.0,1.0,0.996768180167401,0.9008103493911263,0.8407897486835094,0.8347788988654615,0.8496940382835904,0.9801147273805624,0.999856036685691,1.0,1.0,1.0,0.9997827567150237,0.981191872800449,0.896827783844351,0.9046946726296357,0.9788977030373861,0.9993672786594185,0.9999990835336077,1.0,1.0
o-7-norbert.roesch.png,1.0,1.0,1.0,1.0,0.9999999923150874,0.9999947617040528,0.9999181828753213,0.9999502277442784,0.9999988899093648,1.0,1.0,1.0,1.0,0.999998804500107,0.9998804942712537,0.997633251058639,0.9880749269999785,0.9924139682857509,0.999630950399423,0.9999992980296765,1.0,1.0,0.9999981748220856,0.9995663709494149,0.9909231902694873,0.9661673974860853,0.9574786924232973,0.9656412476973318,0.9933307904010371,0.999932209626023,1.0,0.9999984186295824,0.9995121400358217,0.9892641419621583,0.9655247668205791,0.9790606353032975,0.9945696961974507,0.9824289324254022,0.9800867654914011,0.9993170703488237,1.0,0.9999089559186172,0.9917078615970978,0.9658951521974188,0.9862194645084279,0.9991802788299025,0.9999010292142846,0.993282320365883,0.9769391046662389,0.9985415343955509,1.0,0.9992966568226027,0.9803149522256188,0.9844850902288395,0.9992774070839716,0.9999950966917557,0.9999297369327133,0.9914483351389427,0.9781912652399568,0.9989116414473818,1.0,0.9980302233682994,0.9761600547857108,0.9943191346255627,0.9999104360535813,0.9999928792802215,0.9995102748320472,0.9833655731424282,0.984020832884535,0.999645043666608,1.0,0.9978484360559919,0.9756950334614467,0.9936039994658215,0.9994708389878291,0.999662673438174,0.9931137337119277,0.9702278639330887,0.9926902826135452,0.9999439246453532,1.0,0.999257912017823,0.9792019086167845,0.9646419657071412,0.9752919458393955,0.9802303947346915,0.9669737543817298,0.9823030548593013,0.999132929707639,0.9999983101949529,1.0,0.9999628772596826,0.9972522466996618,0.9855076005848383,0.9747714365476653,0.9704935322181696,0.9836522239579609,0.9984756641050332,0.9999874315945666,0.9999999989721401
o-8-norbert.roesch.png,0.9999999701803644,0.9999778853069714,0.9996527782646691,0.9994566178034793,0.9997934678101978,0.9999897202255599,0.9999999774485292,1.0,1.0,1.0,0.9999982070708902,0.9991747605924395,0.9909335386857405,0.9888178507197025,0.9931490906226905,0.9991723093921849,0.9999938006492136,1.0,1.0,1.0,0.9999316454295083,0.9969636371465701,0.9906167627264986,0.9956061344932725,0.992894950452892,0.995783568198804,0.9998761048139614,0.9999997367984962,0.9999999957974338,1.0,0.9994019532175296,0.992710088286114,0.996733673333492,0.9998815086874139,0.998170657291179,0.9935023744657767,0.9994733019860947,0.9999756728586447,0.9999996115659396,1.0,0.9988035532990369,0.9930671589404532,0.9992373642768257,0.9999865835157313,0.9988864285877106,0.9930318452240552,0.9991467498801527,0.9999636677354865,0.9999994198788578,1.0,0.9987957252303328,0.9931446798724204,0.9992652201740035,0.9999968295005891,0.9989590539380554,0.9930424712954943,0.9991843703148519,0.9999991237982511,0.9999999860095935,1.0,0.9994640458664116,0.9934541225544028,0.9971475445849138,0.9994334877531168,0.9979316654128957,0.9935232947131997,0.999503093244236,1.0,1.0,1.0,0.999908241387574,0.996220446469444,0.9888182549728143,0.9893497910356152,0.9904365141494105,0.9959319338668068,0.9998895565927154,1.0,1.0,1.0,0.9999980411287991,0.999785573254542,0.9982534061129983,0.9958148923616046,0.9958043845248916,0.9994362308398141,0.9999957752735842,1.0,1.0,1.0,0.9999999999810678,0.9999998497542995,0.9999947218537586,0.9999682754918883,0.9999601671790043,0.999996701261679,0.9999999916045381,1.0,1.0,1.0
o-9-norbert.roesch.png,1.0,0.9999999999039552,0.9999814669574462,0.99912482307736,0.9970162406937338,0.9983168009699604,0.9997802816851142,0.9999967585223366,1.0,1.0,1.0,0.9999998646630721,0.9996542156819117,0.9927654044256268,0.9882171894999062,0.988646934125813,0.9952455819366974,0.9998205434122929,0.99999994991563,1.0,1.0,0.999996178520856,0.9988204012510894,0.9929405826260871,0.9983838122689053,0.9972960990361915,0.9927116716048696,0.9991340608581117,0.9999983818258968,1.0,1.0,0.9999836338622462,0.9976896968415724,0.9939524958978976,0.9996699291118356,0.9992777518199324,0.9930658683150799,0.9987947419844141,0.9999963049651043,1.0,1.0,0.9999770019140805,0.9972655079384893,0.9943223297195175,0.9997049280164527,0.9986193998873667,0.993278568653219,0.9992471240929476,0.9999987051326075,1.0,1.0,0.9999894930513813,0.9981932766820818,0.9930151242926414,0.9978850751576559,0.9951443253267761,0.9952686779424468,0.9998214609667722,0.9999999787478447,1.0,1.0,0.9999992325659731,0.9996077238669758,0.9937130837881226,0.9879612439285479,0.9904558555550491,0.9984284909821646,0.999985744725008,1.0,1.0,1.0,0.9999999975939564,0.9999906752214933,0.9995527939605436,0.9983692807581388,0.999183156172375,0.999946377727378,0.9999998366918197,1.0,1.0,1.0,1.0,0.999999997827133,0.9999994389856469,0.999996482662514,0.9999993073471324,0.9999999960868633,1.0,1.0,1.0,1.0,1.0,1.0,1.0,1.0,1.0,1.0,1.0,1.0,1.0
x-0-norbert.roesch.png,1.0,0.999992984582165,0.9995769728197579,0.9994734910245102,0.9999847071670416,0.9999996731810389,0.9999967309845088,0.9999994262729841,0.9999999983411287,1.0,1.0,0.9998964484893915,0.9921521580182473,0.984758583378817,0.9990398499730135,0.999668433562489,0.9981292762438112,0.9997531527446967,0.999999503626855,1.0,1.0,0.9999683078038393,0.995240827213976,0.9716284641603041,0.9921859544274556,0.9904965898865533,0.9786499150223441,0.9981468308463003,0.9999975424494709,1.0,1.0,0.9999997331708415,0.9995557977009643,0.983881587760898,0.9660567785951351,0.9650233300533569,0.9864275778066409,0.9995620319755154,0.9999994101316793,1.0,1.0,0.9999997603226021,0.9997389292844894,0.9883950007694079,0.9413127625846853,0.9644630966148175,0.9978356262917557,0.9999530553574791,0.9999994198788578,1.0,1.0,0.999989527477181,0.9967422484685382,0.9710028925083186,0.9779792496276408,0.9679588359336815,0.9863641436702343,0.9996575299143053,0.9999999849309267,1.0,1.0,0.9999911378185092,0.9982328710048203,0.9925097218234349,0.9987037585150035,0.98979709985072,0.9767555676127154,0.9984307160474873,0.9999999701749804,1.0,1.0,0.9999998615388253,0.9999767871101568,0.9999206014505369,0.9999488859385255,0.9992790262035833,0.9963955353443951,0.9996555975123834,0.9999999866145846,1.0,1.0,1.0,0.9999999997899957,0.9999999208527303,0.9999994842000854,0.99999731576664,0.9999842116066134,0.9999983173381362,0.9999999999024646,1.0,1.0,1.0,1.0,1.0,1.0,1.0,1.0,1.0,1.0,1.0
x-1-norbert.roesch.png,1.0,0.9999999986182847,0.9999999337069476,0.9999999456029516,0.9999999992367457,1.0,1.0,1.0,1.0,1.0,1.0,0.9999921639358414,0.9994816952432126,0.9991989864623847,0.9999578930560113,0.9999914018525703,0.9999996571244488,1.0,1.0,1.0,1.0,0.9998589828011293,0.9883557333747415,0.9759446702372117,0.9985378978437736,0.999758398237392,0.9999900887757541,0.9999997367984962,0.9999999957974338,1.0,1.0,0.9998239709107807,0.9864710057990802,0.9702958695248837,0.9979965484456077,0.9998857771361336,0.9999696100669867,0.9999756728586447,0.9999996115659396,1.0,1.0,0.9999895423795482,0.9993489324407233,0.9985925816907371,0.9998086086642881,0.999988497775409,0.9999611130109065,0.9999636677354865,0.9999994198788578,1.0,1.0,1.0,0.9999999787030113,0.9999990874182995,0.9999948262234453,0.999999354249332,0.9999990629618167,0.9999991237982511,0.9999999860095935,1.0,1.0,1.0,0.9999999751142157,0.9999906209628548,0.9999396341490887,0.9999933662310166,1.0,1.0,1.0,1.0,1.0,1.0,0.9999999820137163,0.9999932212695801,0.9999563703796482,0.9999952054213124,1.0,1.0,1.0,1.0,1.0,1.0,0.9999999997899957,0.9999999208527303,0.9999994905881888,0.9999999440193387,1.0,1.0,1.0,1.0,1.0,1.0,1.0,1.0,1.0,1.0,1.0,1.0,1.0,1.0
x-2-norbert.roesch.png,1.0,1.0,0.9999713197763985,0.9996714891770107,0.9997223320673966,0.9999514846175003,0.9999997914950846,1.0,1.0,1.0,1.0,1.0,0.9991499784465505,0.9861458489659127,0.9837018124755337,0.9979200048867055,0.9999929191335666,1.0,1.0,1.0,1.0,0.9999999773184406,0.998898568915744,0.9668472055891211,0.9519049509940716,0.996150625471263,0.9999892661938855,0.9999997367984962,0.9999999957974338,1.0,1.0,0.9999997554069157,0.9986571785339644,0.9796282147010815,0.9709483091234639,0.9933731339026609,0.9999244148291992,0.9999756728586447,0.9999996115659396,1.0,1.0,0.9999999568297783,0.9998832307474664,0.9988169786879835,0.9980598687828975,0.9991802932282731,0.9999530725342292,0.9999636677354865,0.9999994198788578,1.0,1.0,0.9999999998753694,0.9999998632199565,0.9999982224936566,0.999992160602672,0.9999975448996602,0.9999990409260894,0.9999991237982511,0.9999999860095935,1.0,1.0,1.0,0.9999999751142157,0.9999906209628548,0.9999396341490887,0.9999933662310166,1.0,1.0,1.0,1.0,1.0,1.0,0.9999999820137163,0.9999932212695801,0.9999563703796482,0.9999952054213124,1.0,1.0,1.0,1.0,1.0,1.0,0.9999999997899957,0.9999999208527303,0.9999994905881888,0.9999999440193387,1.0,1.0,1.0,1.0,1.0,1.0,1.0,1.0,1.0,1.0,1.0,1.0,1.0,1.0
x-3-norbert.roesch.png,0.9991789028651875,0.9749107897216112,0.9769407350285515,0.999057325893622,0.9999960979885065,0.9998661714994891,0.9958438186396994,0.989732141965368,0.9991624807979865,0.9999995656972642,0.9996270403488918,0.9781024330812437,0.9287778438398051,0.9773348002121754,0.9974809023933884,0.9935146896514976,0.9710336845396805,0.9826860844933692,0.9992874250859133,0.9999998387316702,0.9999945770698756,0.9983013619462467,0.9680160986265253,0.9255728324375734,0.9445294876827747,0.967354427439178,0.9817451436020198,0.9982173667883675,0.9999803132932374,0.999999998981614,0.999999998979507,0.9999869005161992,0.9988966913026,0.9867722548845691,0.937176793402954,0.9218972266243912,0.9884166647246686,0.9998057017094204,0.9999995100382827,1.0,1.0,0.9999996325772965,0.9997404269626339,0.9914628657077296,0.9760799161672298,0.9475748978414423,0.9412970869435487,0.9943285863441003,0.9999736856843041,1.0,0.9999999882052168,0.9999480976934065,0.9959058677664466,0.9807707702276816,0.993857218755499,0.9932209792093739,0.9402388031163407,0.9663948156981119,0.9990776487459492,0.9999995250202055,0.999990448635439,0.998577504251568,0.9854467766725123,0.9895947891141086,0.999453864597678,0.9997163508183866,0.9802430374165603,0.9330640884450839,0.9889992085596195,0.9998985803346936,0.9995087074767827,0.9884131831299071,0.9831276110143456,0.9984389293126971,0.9999477681363811,0.9999914348096104,0.9975620703235317,0.9519105896220464,0.9481428211699205,0.9961992913408302,0.9949690682802826,0.9823551384924198,0.9958230929488782,0.9999338204584917,0.999999472001994,0.9999999423844974,0.9999185203550028,0.9908564561104708,0.9393023232551128,0.9791392260036398,0.9925379800829264,0.9931203125327628,0.9997606408185504,0.999999685803914,1.0,1.0,0.9999996867232863,0.9996952628161424,0.9925182345555059,0.9946009756217022
x-4-norbert.roesch.png,1.0,1.0,0.9999988421624486,0.9999779283336123,0.9999736102258663,0.9978700517312336,0.9890811637885286,0.9983836991565233,0.9999954824168991,1.0,1.0,1.0,0.9997539872507668,0.9944224588103585,0.9967764516729479,0.9872176023137516,0.9863611175275737,0.9992047505629073,0.9999988909269641,1.0,1.0,1.0,0.9988855357203211,0.9632943713703463,0.9633020664202586,0.9834912988166026,0.9971785216426904,0.9999696893208728,0.9999999906040474,1.0,1.0,1.0,0.9997906195136373,0.9800595223746054,0.9199475404998627,0.9807313526811389,0.9996659118175198,0.9999755493764673,0.9999996115659396,1.0,1.0,1.0,0.9999117099952296,0.9916425926493805,0.9414038053826569,0.9445297587840336,0.9963362344407519,0.9999535269037098,0.9999994198788578,1.0,1.0,1.0,0.9996335285385682,0.9891863134857195,0.984506635052412,0.9362651726251879,0.9771658716340463,0.9997146700654352,0.9999999860095935,1.0,1.0,1.0,0.9999335799038199,0.9985786142431976,0.9989041252812016,0.9859635596803591,0.9873411138836526,0.9997409682555389,1.0,1.0,1.0,1.0,0.9999997375770284,0.9999887565491447,0.9999523420587981,0.9998269398169428,0.9997799521711476,0.9999945701725549,1.0,1.0,1.0,1.0,0.9999999997899957,0.9999999208527303,0.9999994905881888,0.9999999440193387,1.0,1.0,1.0,1.0,1.0,1.0,1.0,1.0,1.0,1.0,1.0,1.0,1.0,1.0
x-5-norbert.roesch.png,1.0,1.0,1.0,0.9999986126107325,0.9999254154144995,0.9999231353973421,0.998485067756293,0.9923636062792519,0.9991811178964671,0.9999991681730436,1.0,1.0,1.0,0.999909122961985,0.9945035177866295,0.9936947879128678,0.9843124021264441,0.9656151512243694,0.9977929531700969,0.999998984211497,1.0,1.0,1.0,0.9998208994861586,0.9843374978322992,0.9684148207472612,0.9644997298613933,0.9806868558206908,0.9996454459885024,0.9999999792858605,1.0,1.0,1.0,0.9999665312193229,0.9932442462442608,0.9516292005541677,0.9510799019766834,0.9929839634159354,0.9999747993704485,1.0,1.0,1.0,1.0,0.9999888995329708,0.9987555527505847,0.9578938073824806,0.9448071608806496,0.9972161441051091,0.9999984081913734,1.0,1.0,1.0,0.9999999983978696,0.9999582991265809,0.9944073920340719,0.9415367434511267,0.9490511570183622,0.9977634757646454,0.999997648938536,1.0,1.0,1.0,0.9999987086515367,0.9986456498839681,0.9695516078455444,0.9581006582449157,0.9551491311598717,0.9882957792853628,0.9998834304962079,1.0,1.0,1.0,0.9999836567693214,0.9948082955857953,0.9648741395718987,0.9914380641433653,0.97900108664037,0.9790433713087725,0.9994754851893186,1.0,1.0,1.0,0.9999955866220362,0.9990274991644923,0.9960141447493451,0.9996388749617832,0.9986239873932492,0.9975631505806641,0.9999159061214673,1.0,1.0,1.0,0.9999999774167626,0.9999956892248076,0.9999856518466427,0.9999991445863694,0.9999972098663606,0.9999933694408534,0.9999997258830522,1.0
x-6-norbert.roesch.png,0.999999575407908,0.9999375529649894,0.9998293090382802,0.9999910486970298,0.9999999994077321,1.0,1.0,1.0,1.0,1.0,0.9999577101299516,0.9931370655656493,0.977116447122417,0.9981270276513385,0.9999965543771621,1.0,1.0,1.0,1.0,1.0,0.9999082142775382,0.9792048342347335,0.8763900525021405,0.9702635018054435,0.9991044114188863,0.9996010276069758,0.9999940449868745,0.9999997367984962,0.9999999957974338,1.0,0.9999951244589217,0.996432936831397,0.9179303184014105,0.893321972851479,0.9564210331140395,0.9799774028660606,0.9997227221408393,0.9999756728586447,0.9999996115659396,1.0,0.9999999966747593,0.9998895003149366,0.9823492918185722,0.8461463884146982,0.8259716259334918,0.9672710776701583,0.9996969746313377,0.9999636677354865,0.9999994198788578,1.0,0.9999995806075981,0.9996057491107097,0.975557313344325,0.8273710059846091,0.8225384464362827,0.9818171563071844,0.999903301050826,0.9999991215900603,0.9999999860095935,1.0,0.999910744814689,0.985972636648943,0.8769969947188112,0.8918894023089384,0.8824862729538081,0.9233393913485258,0.9973162308408648,0.9999985030183722,1.0,1.0,0.9995133835549329,0.9603160831877011,0.9006263470823491,0.9859721890089629,0.9677454981128957,0.9058917263269645,0.9912166585117983,0.9999873746383504,1.0,1.0,0.9999379629521962,0.9959833841388791,0.9941918053796823,0.9997499150173169,0.9986686244198231,0.991952155954934,0.9989347779431975,0.9999979274953201,1.0,1.0,0.9999998786029828,0.9999930601451256,0.9999926644390897,0.9999998566914322,0.9999981544073777,0.999983982668671,0.9999975240813009,0.9999999944220196,1.0,1.0
x-7-norbert.roesch.png,1.0,1.0,1.0,1.0,0.9999903653068114,0.9993346917042465,0.9953281659910189,0.997463421430798,0.9999682537833035,1.0,1.0,1.0,1.0,1.0,0.9995509494341008,0.9683013947655277,0.8771994254226533,0.9604874244847219,0.999604088208923,1.0,1.0,1.0,1.0,0.999999981188617,0.9981835762366047,0.8992838317933466,0.7600486021619994,0.9704911266767903,0.9998628782899931,1.0,1.0,1.0,1.0,0.999996497736245,0.9986464509464605,0.951904773728094,0.9235564074814708,0.9945072160210727,0.9999957186511957,1.0,1.0,1.0,1.0,0.9999894632517885,0.9998951440550334,0.9991131056133986,0.9984959825127382,0.9998411382136875,0.9999993445510221,1.0,1.0,1.0,0.9999999994439915,0.9999992785339475,0.9999948563200339,0.9999993543303216,0.9999990629618167,0.9999991237982511,0.9999999860095935,1.0,1.0,1.0,0.9999999751142157,0.9999906209628548,0.9999396341490887,0.9999933662310166,1.0,1.0,1.0,1.0,1.0,1.0,0.9999999820137163,0.9999932212695801,0.9999563703796482,0.9999952054213124,1.0,1.0,1.0,1.0,1.0,1.0,0.9999999997899957,0.9999999208527303,0.9999994905881888,0.9999999440193387,1.0,1.0,1.0,1.0,1.0,1.0,1.0,1.0,1.0,1.0,1.0,1.0,1.0,1.0
x-8-norbert.roesch.png,0.9999995411487917,0.9998655883582364,0.9992209190360875,0.9998660830329125,0.9999973589551576,0.9999297213460772,0.9999296481313429,0.9999986888185066,1.0,1.0,0.999998226519852,0.9992821090890075,0.993105010247501,0.9961686546636154,0.999627527195128,0.9976391931651499,0.998372543459682,0.9999754666826125,1.0,1.0,0.9999998825115102,0.9999017859767456,0.9972045443737853,0.990725875393083,0.9937053674762069,0.9932594607299138,0.9984813296004615,0.9999876174275057,0.9999999957974338,1.0,1.0,0.9999994988075097,0.9998947524671198,0.9969549694277267,0.9849411103813018,0.9907779465290162,0.9994570515945448,0.9999737065192216,0.9999996115659396,1.0,1.0,0.9999963641644152,0.9992229808635109,0.9928945146787627,0.9917373026533913,0.9913384653486855,0.9963765252037081,0.9998335068075139,0.9999991597073384,1.0,1.0,0.9999928498912757,0.9989311231306042,0.9957472764576529,0.9991615760794741,0.9978533528779108,0.9921140007290403,0.9977258338181914,0.9999679437625111,1.0,1.0,0.9999997581492455,0.9999696689215558,0.9999070677375349,0.9999327972068051,0.9998015254504881,0.9943077178528936,0.994208272143082,0.9998529818528248,1.0,1.0,1.0,0.9999999820137163,0.9999932212695801,0.9999563703796482,0.9999892925667286,0.9996545447405714,0.9995178350419901,0.9999852400517011,1.0,1.0,1.0,0.9999999997899957,0.9999999208527303,0.9999994905881888,0.9999999435702376,0.9999999274715202,0.9999997996358955,0.9999999905300179,1.0,1.0,1.0,1.0,1.0,1.0,1.0,1.0,1.0,1.0,1.0
x-9-norbert.roesch.png,1.0,0.9999999762214854,0.9999943734796019,0.9999749372049789,0.9999976177686506,0.9999999468390539,0.9999751662624763,0.9990907313979729,0.9989753373094448,0.9999763102770067,1.0,0.9999986250630151,0.9996089522696604,0.9976891428992734,0.9995763904558805,0.9999471614803809,0.9985652587977094,0.9921701448138789,0.9956042438805186,0.9999160079440327,1.0,0.9999986645860919,0.9994175299973806,0.9932945714649155,0.995594465720915,0.998162681982406,0.9912079095775188,0.9934714404835912,0.9991929226564198,0.9999921885834838,1.0,0.9999999780096447,0.999970201776555,0.9983988582941252,0.9918061676986414,0.9910060027129618,0.9952716651853155,0.9995141125152438,0.99999110681188,0.9999999854140952,1.0,1.0,0.9999997751830713,0.9998000523520515,0.9937826749772578,0.9859623236395371,0.9972212039955873,0.999907389543802,0.9999993363585461,1.0,1.0,0.9999999906359811,0.9999783894564431,0.9985375831702868,0.9930952340603059,0.9945227357856592,0.9922063466920321,0.998739564942374,0.9999898984980568,0.9999999986612766,0.9999999926161702,0.999993585149561,0.999320088732644,0.9936195023912734,0.9957339790852114,0.9994771255114968,0.9950185920081366,0.9950322744402276,0.9996739264687724,0.99999889538062,0.999998193149951,0.9995483923753035,0.9946069607702932,0.9938444939627651,0.9993622519406178,0.9999827718238222,0.9989029978063984,0.9927294238498977,0.9969379894677801,0.9999231206623527,0.9999925490305143,0.9987326098491496,0.9940863465689023,0.9987140751946509,0.9999817326309488,0.9999998825216223,0.9999383462334172,0.996567483647612,0.9909313054683309,0.9993344620840807,0.9999994864585634,0.9999263428188809,0.9997626381762885,0.9999775301453382,0.9999999344677982,1.0,0.9999983687440601,0.9995513785101549,0.9975862154802339,0.9997438632853674
